{
  "datasets": {
    "splitseq_paired": {
      "name": "SPLiT-seq Paired-End (Full)",
      "total_reads": 77621181,
      "tools": {
        "seqproc": {
          "mean_runtime": 224.77919912338257,
          "std_runtime": 1.8443753719329834,
          "reads_out": 37706109,
          "recovery_rate": 48.577087483376474
        },
        "matchbox": {
          "mean_runtime": 377.7032586336136,
          "std_runtime": 2.6701122522354126,
          "reads_out": 38756,
          "recovery_rate": 0.049930314768078576
        },
        "splitcode": {
          "mean_runtime": 930.4194183349609,
          "std_runtime": 6.349499702453613,
          "reads_out": 167,
          "recovery_rate": 0.00021579161492015948
        }
      }
    },
    "splitseq_single": {
      "name": "SPLiT-seq Single-End (Full)",
      "total_reads": 5589220,
      "tools": {
        "seqproc": {
          "mean_runtime": 61.38646411895752,
          "std_runtime": 38.38347363471985,
          "reads_out": 1339101,
          "recovery_rate": 23.95863823574667
        },
        "matchbox": {
          "mean_runtime": 14.802517056465149,
          "std_runtime": 0.06015908718109131,
          "reads_out": 1000001,
          "recovery_rate": 17.891602048228556
        },
        "splitcode": {
          "mean_runtime": 631.1304321289062,
          "std_runtime": 10.428905487060547,
          "reads_out": 1535830,
          "recovery_rate": 27.478431695299165
        }
      }
    },
    "10x_gridion": {
      "name": "10x GridION (Full)",
      "total_reads": 7521667,
      "tools": {
        "seqproc": {
          "mean_runtime": 152.4104208946228,
          "std_runtime": 0.4691035747528076,
          "reads_out": 2704177,
          "recovery_rate": 35.951830890678885
        },
        "matchbox": {
          "mean_runtime": 152.02245235443115,
          "std_runtime": 0.1861274242401123,
          "reads_out": 3064685,
          "recovery_rate": 40.74475777776389
        },
        "splitcode": {
          "mean_runtime": 557.0975269079208,
          "std_runtime": 2.7036603689193726,
          "reads_out": 2704212,
          "recovery_rate": 35.952296213060215
        }
      }
    }
  },
  "speedups": {
    "splitseq_paired": {
      "speedup": 1.6803301199871707,
      "seqproc_faster": true
    },
    "splitseq_single": {
      "speedup": 0.24113649920901373,
      "seqproc_faster": false
    },
    "10x_gridion": {
      "speedup": 0.9974544487318233,
      "seqproc_faster": false
    }
  },
  "key_findings": []
}