{
  "tolerance_levels": [
    0,
    1,
    2,
    3
  ],
  "input_error_rate": 0.02,
  "results": {
    "seqproc": {
      "frac_correct": [
        0.72166,
        0.95368,
        0.98538,
        0.9877
      ],
      "frac_incorrect": [
        0.00048,
        0.00674,
        0.01116,
        0.01202
      ]
    },
    "matchbox": {
      "frac_correct": [
        0.68368,
        0.90336,
        0.93336,
        0.93556
      ],
      "frac_incorrect": [
        0.0005,
        0.00782,
        0.02692,
        0.05508
      ]
    }
  },
  "num_reads": 50000
}