{
  "splitseq_pe_raw": {
    "name": "SPLiT-seq PE (Raw)",
    "total_reads": 1000000,
    "tools": {
      "seqproc": {
        "mean_runtime": 1.4977390766143799,
        "std_runtime": 0.0,
        "mean_memory_mb": 48.3125,
        "mean_reads_out": 762165,
        "recovery_rate": 76.2165
      },
      "matchbox": {
        "mean_runtime": 81.38272953033447,
        "std_runtime": 0.0,
        "mean_memory_mb": 333.51171875,
        "mean_reads_out": 817520,
        "recovery_rate": 81.75200000000001
      }
    }
  },
  "splitseq_pe_replacement": {
    "name": "SPLiT-seq PE (Replacement)",
    "total_reads": 1000000,
    "tools": {
      "seqproc": {
        "mean_runtime": 1.6025550365447998,
        "std_runtime": 0.0,
        "mean_memory_mb": 63.203125,
        "mean_reads_out": 762165,
        "recovery_rate": 76.2165
      },
      "splitcode": {
        "mean_runtime": 2.5349597930908203,
        "std_runtime": 0.0,
        "mean_memory_mb": 224.37890625,
        "mean_reads_out": 911217,
        "recovery_rate": 91.1217
      },
      "matchbox": {
        "mean_runtime": 77.86836194992065,
        "std_runtime": 0.0,
        "mean_memory_mb": 333.5625,
        "mean_reads_out": 817520,
        "recovery_rate": 81.75200000000001
      }
    }
  },
  "splitseq_se_raw": {
    "name": "SPLiT-seq Long Read",
    "total_reads": 1000000,
    "tools": {
      "seqproc": {
        "mean_runtime": 3.993455171585083,
        "std_runtime": 0.0,
        "mean_memory_mb": 42.19140625,
        "mean_reads_out": 241771,
        "recovery_rate": 24.177100000000003
      },
      "matchbox": {
        "mean_runtime": 2.544755458831787,
        "std_runtime": 0.0,
        "mean_memory_mb": 152.4453125,
        "mean_reads_out": 240065,
        "recovery_rate": 24.0065
      },
      "splitcode": {
        "mean_runtime": 23.260812282562256,
        "std_runtime": 0.0,
        "mean_memory_mb": 202.57421875,
        "mean_reads_out": 279699,
        "recovery_rate": 27.9699
      }
    }
  },
  "10x_short": {
    "name": "10x Chromium v2 Short Read",
    "total_reads": 1000000,
    "tools": {
      "seqproc": {
        "mean_runtime": 0.6122798919677734,
        "std_runtime": 0.0,
        "mean_memory_mb": 39.44140625,
        "mean_reads_out": 1000000,
        "recovery_rate": 100.0
      },
      "matchbox": {
        "mean_runtime": 1.8170335292816162,
        "std_runtime": 0.0,
        "mean_memory_mb": 324.21484375,
        "mean_reads_out": 1000000,
        "recovery_rate": 100.0
      }
    }
  },
  "10x_promethion": {
    "name": "10x PromethION (Long)",
    "total_reads": 1000000,
    "tools": {
      "seqproc": {
        "mean_runtime": 7.753639459609985,
        "std_runtime": 0.0,
        "mean_memory_mb": 43.65234375,
        "mean_reads_out": 676085,
        "recovery_rate": 67.6085
      },
      "matchbox": {
        "mean_runtime": 5.697510719299316,
        "std_runtime": 0.0,
        "mean_memory_mb": 215.7890625,
        "mean_reads_out": 915485,
        "recovery_rate": 91.5485
      },
      "splitcode": {
        "mean_runtime": 15.330427169799805,
        "std_runtime": 0.0,
        "mean_memory_mb": 132.8046875,
        "mean_reads_out": 662802,
        "recovery_rate": 66.2802
      }
    }
  },
  "sciseq": {
    "name": "Sci-Seq 3",
    "total_reads": 1000000,
    "tools": {
      "seqproc": {
        "mean_runtime": 0.814995288848877,
        "std_runtime": 0.0,
        "mean_memory_mb": 38.53125,
        "mean_reads_out": 884318,
        "recovery_rate": 88.43180000000001
      },
      "matchbox": {
        "mean_runtime": 5.895481586456299,
        "std_runtime": 0.0,
        "mean_memory_mb": 175.37890625,
        "mean_reads_out": 897666,
        "recovery_rate": 89.7666
      },
      "splitcode": {
        "mean_runtime": 1.4497525691986084,
        "std_runtime": 0.0,
        "mean_memory_mb": 381.734375,
        "mean_reads_out": 884318,
        "recovery_rate": 88.43180000000001
      }
    }
  }
}